{
    "transform": [
        [
            0.9891045093536377,
            -0.1471094936132431,
            0.005569077096879482,
            -0.5208470821380615
        ],
        [
            0.005569077096879482,
            0.0751931294798851,
            0.9971534609794617,
            -0.6158681511878967
        ],
        [
            -0.1471094936132431,
            -0.9862579703330994,
            0.0751931294798851,
            0.058409683406353
        ]
    ],
    "scale": 0.19180954847811024
}